{
    "avg": {
        "wmc": 7.04000000000000003552713678800500929355621337890625,
        "ccn": 3.79000000000000003552713678800500929355621337890625,
        "bugs": 0.13000000000000000444089209850062616169452667236328125,
        "kanDefect": 0.460000000000000019984014443252817727625370025634765625,
        "relativeSystemComplexity": 54.909999999999996589394868351519107818603515625,
        "relativeDataComplexity": 1.5800000000000000710542735760100185871124267578125,
        "relativeStructuralComplexity": 53.3299999999999982946974341757595539093017578125,
        "volume": 382.759999999999990905052982270717620849609375,
        "commentWeight": 17.219999999999998863131622783839702606201171875,
        "intelligentContent": 62.43999999999999772626324556767940521240234375,
        "lcom": 1.70999999999999996447286321199499070644378662109375,
        "instability": 0.64000000000000001332267629550187848508358001708984375,
        "afferentCoupling": 1.1699999999999999289457264239899814128875732421875,
        "efferentCoupling": 2.9199999999999999289457264239899814128875732421875,
        "difficulty": 6.05999999999999960920149533194489777088165283203125,
        "mi": 71.780000000000001136868377216160297393798828125,
        "distance": 0.34999999999999997779553950749686919152736663818359375,
        "incomingCDep": 2,
        "incomingPDep": 1,
        "outgoingCDep": 4.13999999999999968025576890795491635799407958984375,
        "outgoingPDep": 2.569999999999999840127884453977458178997039794921875,
        "classesPerPackage": 3.430000000000000159872115546022541821002960205078125
    },
    "sum": {
        "loc": 1272,
        "cloc": 200,
        "lloc": 1074,
        "nbMethods": 102,
        "nbClasses": 24,
        "nbInterfaces": 0,
        "nbPackages": 7,
        "violations": {
            "total": 6,
            "information": 0,
            "warning": 6,
            "error": 0,
            "critical": 0
        }
    }
}