{
    "avg": {
        "wmc": 6.769999999999999573674358543939888477325439453125,
        "ccn": 3.160000000000000142108547152020037174224853515625,
        "bugs": 0.13000000000000000444089209850062616169452667236328125,
        "kanDefect": 0.39000000000000001332267629550187848508358001708984375,
        "relativeSystemComplexity": 66.400000000000005684341886080801486968994140625,
        "relativeDataComplexity": 1.20999999999999996447286321199499070644378662109375,
        "relativeStructuralComplexity": 65.18999999999999772626324556767940521240234375,
        "volume": 401.98000000000001818989403545856475830078125,
        "commentWeight": 13.6199999999999992184029906638897955417633056640625,
        "intelligentContent": 86.81000000000000227373675443232059478759765625,
        "lcom": 1.810000000000000053290705182007513940334320068359375,
        "instability": 0.689999999999999946709294817992486059665679931640625,
        "afferentCoupling": 1.3899999999999999023003738329862244427204132080078125,
        "efferentCoupling": 2.899999999999999911182158029987476766109466552734375,
        "difficulty": 5.0099999999999997868371792719699442386627197265625,
        "mi": 66.4599999999999937472239253111183643341064453125,
        "distance": 0.340000000000000024424906541753443889319896697998046875,
        "incomingCDep": 2.430000000000000159872115546022541821002960205078125,
        "incomingPDep": 1,
        "outgoingCDep": 4.42999999999999971578290569595992565155029296875,
        "outgoingPDep": 2.859999999999999875655021241982467472553253173828125,
        "classesPerPackage": 4.42999999999999971578290569595992565155029296875
    },
    "sum": {
        "loc": 1693,
        "cloc": 203,
        "lloc": 1492,
        "nbMethods": 143,
        "nbClasses": 31,
        "nbInterfaces": 0,
        "nbPackages": 7,
        "violations": {
            "total": 9,
            "information": 0,
            "warning": 6,
            "error": 3,
            "critical": 0
        }
    }
}