{
    "avg": {
        "wmc": 5.80999999999999960920149533194489777088165283203125,
        "ccn": 3.2400000000000002131628207280300557613372802734375,
        "bugs": 0.11999999999999999555910790149937383830547332763671875,
        "kanDefect": 0.409999999999999975575093458246556110680103302001953125,
        "relativeSystemComplexity": 66.1400000000000005684341886080801486968994140625,
        "relativeDataComplexity": 1.9499999999999999555910790149937383830547332763671875,
        "relativeStructuralComplexity": 64.18999999999999772626324556767940521240234375,
        "volume": 367.43000000000000682121026329696178436279296875,
        "commentWeight": 24.510000000000001563194018672220408916473388671875,
        "intelligentContent": 75.4899999999999948840923025272786617279052734375,
        "lcom": 1.5700000000000000621724893790087662637233734130859375,
        "instability": 0.63000000000000000444089209850062616169452667236328125,
        "afferentCoupling": 1.0800000000000000710542735760100185871124267578125,
        "efferentCoupling": 3.160000000000000142108547152020037174224853515625,
        "difficulty": 4.8499999999999996447286321199499070644378662109375,
        "mi": 78.31999999999999317878973670303821563720703125,
        "distance": 0.289999999999999980015985556747182272374629974365234375,
        "incomingCDep": 2.87999999999999989341858963598497211933135986328125,
        "incomingPDep": 1,
        "outgoingCDep": 6,
        "outgoingPDep": 3.25,
        "classesPerPackage": 4.62999999999999989341858963598497211933135986328125
    },
    "sum": {
        "loc": 1970,
        "cloc": 463,
        "lloc": 1513,
        "nbMethods": 132,
        "nbClasses": 37,
        "nbInterfaces": 0,
        "nbPackages": 8,
        "violations": {
            "total": 7,
            "information": 0,
            "warning": 7,
            "error": 0,
            "critical": 0
        }
    }
}