{
    "avg": {
        "wmc": 7.3499999999999996447286321199499070644378662109375,
        "ccn": 3.910000000000000142108547152020037174224853515625,
        "bugs": 0.14000000000000001332267629550187848508358001708984375,
        "kanDefect": 0.4699999999999999733546474089962430298328399658203125,
        "relativeSystemComplexity": 66.150000000000005684341886080801486968994140625,
        "relativeDataComplexity": 1.62999999999999989341858963598497211933135986328125,
        "relativeStructuralComplexity": 64.5199999999999960209606797434389591217041015625,
        "volume": 412.3799999999999954525264911353588104248046875,
        "commentWeight": 17.14999999999999857891452847979962825775146484375,
        "intelligentContent": 63.409999999999996589394868351519107818603515625,
        "lcom": 1.7800000000000000266453525910037569701671600341796875,
        "instability": 0.61999999999999999555910790149937383830547332763671875,
        "afferentCoupling": 1.2199999999999999733546474089962430298328399658203125,
        "efferentCoupling": 2.910000000000000142108547152020037174224853515625,
        "difficulty": 6,
        "mi": 71.9800000000000039790393202565610408782958984375,
        "distance": 0.34999999999999997779553950749686919152736663818359375,
        "incomingCDep": 2,
        "incomingPDep": 1,
        "outgoingCDep": 4.13999999999999968025576890795491635799407958984375,
        "outgoingPDep": 2.569999999999999840127884453977458178997039794921875,
        "classesPerPackage": 3.29000000000000003552713678800500929355621337890625
    },
    "sum": {
        "loc": 1268,
        "cloc": 200,
        "lloc": 1070,
        "nbMethods": 102,
        "nbClasses": 23,
        "nbInterfaces": 0,
        "nbPackages": 7,
        "violations": {
            "total": 7,
            "information": 0,
            "warning": 6,
            "error": 1,
            "critical": 0
        }
    }
}